Campaign,Ad Group,Keyword,Criterion Type
SF Keresés – Vállalkozások,Számlafeldolgozás,számlafeldolgozás,Exact
SF Keresés – Vállalkozások,Számlafeldolgozás,számla feldolgozás,Exact
SF Keresés – Vállalkozások,Számlafeldolgozás,számla kiolvasás,Exact
SF Keresés – Vállalkozások,Számlafeldolgozás,számla ocr,Exact
SF Keresés – Vállalkozások,Számlafeldolgozás,bizonylat feldolgozás,Exact
SF Keresés – Vállalkozások,Számlafeldolgozás,nyugta feldolgozás,Exact
SF Keresés – Vállalkozások,Számlafeldolgozás,e-számla xml feldolgozás,Exact
SF Keresés – Vállalkozások,Számlafeldolgozás,számla feldolgozó program,Phrase
SF Keresés – Vállalkozások,Számlafeldolgozás,számla adatrögzítés,Phrase
SF Keresés – Vállalkozások,Számlafeldolgozás,számla beolvasás,Phrase
SF Keresés – Vállalkozások,Számlafeldolgozás,bizonylat digitalizálás,Phrase
SF Keresés – Vállalkozások,Számlafeldolgozás,számlák excelbe,Phrase
SF Keresés – Vállalkozások,Számlafeldolgozás,számla adatok kinyerése,Phrase
SF Keresés – Vállalkozások,,számlázó,Campaign Negative Phrase
SF Keresés – Vállalkozások,,számlázó program,Campaign Negative Phrase
SF Keresés – Vállalkozások,,számla kiállítás,Campaign Negative Phrase
SF Keresés – Vállalkozások,,számla készítés,Campaign Negative Phrase
SF Keresés – Vállalkozások,,számla minta,Campaign Negative Phrase
SF Keresés – Vállalkozások,,számla sablon,Campaign Negative Phrase
SF Keresés – Vállalkozások,,számlázz,Campaign Negative Phrase
SF Keresés – Vállalkozások,,billingo,Campaign Negative Phrase
SF Keresés – Vállalkozások,,nav online számla belépés,Campaign Negative Phrase
SF Keresés – Vállalkozások,,ügyfélkapu,Campaign Negative Phrase
SF Keresés – Vállalkozások,,adóbevallás,Campaign Negative Phrase
SF Keresés – Vállalkozások,,szja bevallás,Campaign Negative Phrase
SF Keresés – Vállalkozások,,állás,Campaign Negative Phrase
SF Keresés – Vállalkozások,,tanfolyam,Campaign Negative Phrase
SF Keresés – Vállalkozások,,képzés,Campaign Negative Phrase
SF Keresés – Vállalkozások,,okj,Campaign Negative Phrase
SF Keresés – Vállalkozások,,crack,Campaign Negative Phrase
SF Keresés – Vállalkozások,,torrent,Campaign Negative Phrase
SF Keresés – Könyvelők,Könyvelőirodák,könyvelő szoftver,Phrase
SF Keresés – Könyvelők,Könyvelőirodák,könyvelőiroda szoftver,Phrase
SF Keresés – Könyvelők,Könyvelőirodák,könyvelés automatizálás,Phrase
SF Keresés – Könyvelők,Könyvelőirodák,bizonylat rögzítés,Phrase
SF Keresés – Könyvelők,Könyvelőirodák,számla feldolgozás könyvelőknek,Phrase
SF Keresés – Könyvelők,Könyvelőirodák,rlb kettős import,Phrase
SF Keresés – Könyvelők,Könyvelőirodák,novitax import,Phrase
SF Keresés – Könyvelők,Könyvelőirodák,kulcs könyvelés import,Phrase
SF Keresés – Könyvelők,Könyvelőirodák,külföldi számla rögzítés,Phrase
SF Keresés – Könyvelők,Könyvelőirodák,nyugta rögzítés könyvelés,Phrase
SF Keresés – Könyvelők,,számlázó,Campaign Negative Phrase
SF Keresés – Könyvelők,,számlázó program,Campaign Negative Phrase
SF Keresés – Könyvelők,,számla kiállítás,Campaign Negative Phrase
SF Keresés – Könyvelők,,számla készítés,Campaign Negative Phrase
SF Keresés – Könyvelők,,számla minta,Campaign Negative Phrase
SF Keresés – Könyvelők,,számla sablon,Campaign Negative Phrase
SF Keresés – Könyvelők,,számlázz,Campaign Negative Phrase
SF Keresés – Könyvelők,,billingo,Campaign Negative Phrase
SF Keresés – Könyvelők,,nav online számla belépés,Campaign Negative Phrase
SF Keresés – Könyvelők,,ügyfélkapu,Campaign Negative Phrase
SF Keresés – Könyvelők,,adóbevallás,Campaign Negative Phrase
SF Keresés – Könyvelők,,szja bevallás,Campaign Negative Phrase
SF Keresés – Könyvelők,,állás,Campaign Negative Phrase
SF Keresés – Könyvelők,,tanfolyam,Campaign Negative Phrase
SF Keresés – Könyvelők,,képzés,Campaign Negative Phrase
SF Keresés – Könyvelők,,okj,Campaign Negative Phrase
SF Keresés – Könyvelők,,crack,Campaign Negative Phrase
SF Keresés – Könyvelők,,torrent,Campaign Negative Phrase
